,0_x_x,1_x_x,2_x_x,3_x_x,video,0_y_x,1_y_x,2_y_x,3_y_x,0_x_y,1_x_y,2_x_y,3_x_y,0_y_y,1_y_y,2_y_y,3_y_y,0_x,1_x,2_x,3_x,0_y,1_y,2_y,3_y,pred
0,0.34373331843658705,0.23343062406579004,0.1426607207043613,0.06906480690629443,dist,0.2792751660927115,0.6212837197326824,0.8705418991887488,0.9495932247716787,0.5583082125096317,0.7947741270029436,0.47073542328254914,0.06423114516255046,0.15881948032455545,0.44937846806087234,0.7410328670393643,0.7644146197952348,0.8297971586543352,0.7901588837076735,0.4986924717830121,0.18737933637704027,0.16910355347224348,0.45617445742755625,0.7634546828026489,0.8294844055612238,-44.02880497741769
